date,clusters
2023-06-08,ADM;CDNS;CERN;DTE;ED;ETN;FAST;FI;FICO;FISV;HON;KO;MGM;MSFT;ORCL;SIVB;TROW;WM;XOM;XRAY
2023-06-09,ADM;CDNS;CERN;DTE;ED;ETN;FAST;FI;FICO;FISV;HON;KO;MGM;MSFT;ORCL;SIVB;TROW;WM;XOM;XRAY
2023-06-12,ADM;CDNS;CERN;DTE;ED;ETN;FAST;FI;FICO;FISV;HON;KO;MGM;MSFT;ORCL;SIVB;TROW;WM;XOM;XRAY
2023-06-13,ADM;CDNS;CERN;DTE;ED;ETN;FAST;FI;FICO;FISV;HON;KO;MGM;MSFT;ORCL;SIVB;TROW;WM;XOM;XRAY
2023-06-14,ADM;CDNS;CERN;DTE;ED;ETN;FAST;FI;FICO;FISV;HON;KO;MGM;MSFT;ORCL;SIVB;TROW;WM;XOM;XRAY
2023-06-15,ADM;CDNS;CERN;DTE;ED;ETN;FAST;FI;FICO;FISV;HON;KO;MGM;MSFT;ORCL;SIVB;TROW;WM;XOM;XRAY
2023-06-16,ADM;CDNS;CERN;DTE;ED;ETN;FAST;FI;FICO;FISV;HON;KO;MGM;MSFT;ORCL;SIVB;TROW;WM;XOM;XRAY
2023-06-20,ADM;CDNS;CERN;DTE;ED;ETN;FAST;FI;FICO;FISV;HON;KO;MGM;MSFT;ORCL;SIVB;TROW;WM;XOM;XRAY
2023-06-21,ADM;CDNS;CERN;DTE;ED;ETN;FAST;FI;FICO;FISV;HON;KO;MGM;MSFT;ORCL;SIVB;TROW;WM;XOM;XRAY
2023-06-22,ADM;CDNS;CERN;DTE;ED;ETN;FAST;FI;FICO;FISV;HON;KO;MGM;MSFT;ORCL;SIVB;TROW;WM;XOM;XRAY
2023-06-23,ADM;CDNS;CERN;DTE;ED;ETN;FAST;FI;FICO;FISV;HON;KO;MGM;MSFT;ORCL;SIVB;TROW;WM;XOM;XRAY
2023-06-26,ADM;CDNS;CERN;DTE;ED;ETN;FAST;FI;FICO;FISV;HON;KO;MGM;MSFT;ORCL;SIVB;TROW;WM;XOM;XRAY
2023-06-27,ADM;CDNS;CERN;DTE;ED;ETN;FAST;FI;FICO;FISV;HON;KO;MGM;MSFT;ORCL;SIVB;TROW;WM;XOM;XRAY
2023-06-28,ADM;CDNS;CERN;DTE;ED;ETN;FAST;FI;FICO;FISV;HON;KO;MGM;MSFT;ORCL;SIVB;TROW;WM;XOM;XRAY
2023-06-29,ADM;CDNS;CERN;DTE;ED;ETN;FAST;FI;FICO;FISV;HON;KO;MGM;MSFT;ORCL;SIVB;TROW;WM;XOM;XRAY
2023-06-30,ADM;CDNS;CERN;DTE;ED;ETN;FAST;FI;FICO;FISV;HON;KO;MGM;MSFT;ORCL;SIVB;TROW;WM;XOM;XRAY
2023-07-03,ADM;CDNS;CERN;DTE;ED;ETN;FAST;FI;FICO;FISV;HON;KO;MGM;MSFT;ORCL;SIVB;TROW;WM;XOM;XRAY
2023-07-05,ADM;CDNS;CERN;DTE;ED;ETN;FAST;FI;FICO;FISV;HON;KO;MGM;MSFT;ORCL;SIVB;TROW;WM;XOM;XRAY
2023-07-06,ADM;CDNS;CERN;DTE;ED;ETN;FAST;FI;FICO;FISV;HON;KO;MGM;MSFT;ORCL;SIVB;TROW;WM;XOM;XRAY
2023-07-07,ADM;CDNS;CERN;DTE;ED;ETN;FAST;FI;FICO;FISV;HON;KO;MGM;MSFT;ORCL;SIVB;TROW;WM;XOM;XRAY
2023-07-10,ADM;CDNS;CERN;DTE;ED;ETN;FAST;FI;FICO;FISV;HON;KO;MGM;MSFT;ORCL;SIVB;TROW;WM;XOM;XRAY
2023-07-11,ADM;CDNS;CERN;DTE;ED;ETN;FAST;FI;FICO;FISV;HON;KO;MGM;MSFT;ORCL;SIVB;TROW;WM;XOM;XRAY
2023-07-12,ADM;CDNS;CERN;DTE;ED;ETN;FAST;FI;FICO;FISV;HON;KO;MGM;MSFT;ORCL;SIVB;TROW;WM;XOM;XRAY
2023-07-13,ADM;CDNS;CERN;DTE;ED;ETN;FAST;FI;FICO;FISV;HON;KO;MGM;MSFT;ORCL;SIVB;TROW;WM;XOM;XRAY
2023-07-14,ADM;CDNS;CERN;DTE;ED;ETN;FAST;FI;FICO;FISV;HON;KO;MGM;MSFT;ORCL;SIVB;TROW;WM;XOM;XRAY
2023-07-17,ADM;CDNS;CERN;DTE;ED;ETN;FAST;FI;FICO;FISV;HON;KO;MGM;MSFT;ORCL;SIVB;TROW;WM;XOM;XRAY
2023-07-18,ADM;CDNS;CERN;DTE;ED;ETN;FAST;FI;FICO;FISV;HON;KO;MGM;MSFT;ORCL;SIVB;TROW;WM;XOM;XRAY
2023-07-19,ADM;CDNS;CERN;DTE;ED;ETN;FAST;FI;FICO;FISV;HON;KO;MGM;MSFT;ORCL;SIVB;TROW;WM;XOM;XRAY
2023-07-20,ADM;CDNS;CERN;DTE;ED;ETN;FAST;FI;FICO;FISV;HON;KO;MGM;MSFT;ORCL;SIVB;TROW;WM;XOM;XRAY
2023-07-21,ADM;CDNS;CERN;DTE;ED;ETN;FAST;FI;FICO;FISV;HON;KO;MGM;MSFT;ORCL;SIVB;TROW;WM;XOM;XRAY
2023-07-24,ADM;CDNS;CERN;DTE;ED;ETN;FAST;FI;FICO;FISV;HON;KO;MGM;MSFT;ORCL;SIVB;TROW;WM;XOM;XRAY
2023-07-25,ADM;CDNS;CERN;DTE;ED;ETN;FAST;FI;FICO;FISV;HON;KO;MGM;MSFT;ORCL;SIVB;TROW;WM;XOM;XRAY
2023-07-26,ADM;CDNS;CERN;DTE;ED;ETN;FAST;FI;FICO;FISV;HON;KO;MGM;MSFT;ORCL;SIVB;TROW;WM;XOM;XRAY
2023-07-27,ADM;CDNS;CERN;DTE;ED;ETN;FAST;FI;FICO;FISV;HON;KO;MGM;MSFT;ORCL;SIVB;TROW;WM;XOM;XRAY
2023-07-28,ADM;CDNS;CERN;DTE;ED;ETN;FAST;FI;FICO;FISV;HON;KO;MGM;MSFT;ORCL;SIVB;TROW;WM;XOM;XRAY
2023-07-31,ADM;CDNS;CERN;DTE;ED;ETN;FAST;FI;FICO;FISV;HON;KO;MGM;MSFT;ORCL;SIVB;TROW;WM;XOM;XRAY
2023-08-01,ADM;CDNS;CERN;DTE;ED;ETN;FAST;FI;FICO;FISV;HON;KO;MGM;MSFT;ORCL;SIVB;TROW;WM;XOM;XRAY
2023-08-02,ADM;CDNS;CERN;DTE;ED;ETN;FAST;FI;FICO;FISV;HON;KO;MGM;MSFT;ORCL;SIVB;TROW;WM;XOM;XRAY
2023-08-03,ADM;CDNS;CERN;DTE;ED;ETN;FAST;FI;FICO;FISV;HON;KO;MGM;MSFT;ORCL;SIVB;TROW;WM;XOM;XRAY
2023-08-04,ADM;CDNS;CERN;DTE;ED;ETN;FAST;FI;FICO;FISV;HON;KO;MGM;MSFT;ORCL;SIVB;TROW;WM;XOM;XRAY
2023-08-07,ADM;CDNS;CERN;DTE;ED;ETN;FAST;FI;FICO;FISV;HON;KO;MGM;MSFT;ORCL;SIVB;TROW;WM;XOM;XRAY
2023-08-08,ADM;CDNS;CERN;DTE;ED;ETN;FAST;FI;FICO;FISV;HON;KO;MGM;MSFT;ORCL;SIVB;TROW;WM;XOM;XRAY
2023-08-09,ADM;CDNS;CERN;DTE;ED;ETN;FAST;FI;FICO;FISV;HON;KO;MGM;MSFT;ORCL;SIVB;TROW;WM;XOM;XRAY
2023-08-10,ADM;CDNS;CERN;DTE;ED;ETN;FAST;FI;FICO;FISV;HON;KO;MGM;MSFT;ORCL;SIVB;TROW;WM;XOM;XRAY
2023-08-11,ADM;CDNS;CERN;DTE;ED;ETN;FAST;FI;FICO;FISV;HON;KO;MGM;MSFT;ORCL;SIVB;TROW;WM;XOM;XRAY
2023-08-14,ADM;CDNS;CERN;DTE;ED;ETN;FAST;FI;FICO;FISV;HON;KO;MGM;MSFT;ORCL;SIVB;TROW;WM;XOM;XRAY
2023-08-15,ADM;CDNS;CERN;DTE;ED;ETN;FAST;FI;FICO;FISV;HON;KO;MGM;MSFT;ORCL;SIVB;TROW;WM;XOM;XRAY
2023-08-16,ADM;CDNS;CERN;DTE;ED;ETN;FAST;FI;FICO;FISV;HON;KO;MGM;MSFT;ORCL;SIVB;TROW;WM;XOM;XRAY
2023-08-17,ADM;CDNS;CERN;DTE;ED;ETN;FAST;FI;FICO;FISV;HON;KO;MGM;MSFT;ORCL;SIVB;TROW;WM;XOM;XRAY
2023-08-18,"DTE,ED,KO;ADM;CDNS;CERN;ETN;FAST;FI;FICO;FISV;HON;MGM;MSFT;ORCL;SIVB;TROW;WM;XOM;XRAY"
2023-08-21,"DTE,ED,KO;ADM;CDNS;CERN;ETN;FAST;FI;FICO;FISV;HON;MGM;MSFT;ORCL;SIVB;TROW;WM;XOM;XRAY"
2023-08-22,"DTE,ED,KO;ADM;CDNS;CERN;ETN;FAST;FI;FICO;FISV;HON;MGM;MSFT;ORCL;SIVB;TROW;WM;XOM;XRAY"
2023-08-23,"DTE,ED,KO;ADM;CDNS;CERN;ETN;FAST;FI;FICO;FISV;HON;MGM;MSFT;ORCL;SIVB;TROW;WM;XOM;XRAY"
2023-08-24,"DTE,ED,KO;ADM;CDNS;CERN;ETN;FAST;FI;FICO;FISV;HON;MGM;MSFT;ORCL;SIVB;TROW;WM;XOM;XRAY"
2023-08-25,"CDNS,MSFT,ORCL;DTE,ED,KO;ADM;CERN;ETN;FAST;FI;FICO;FISV;HON;MGM;SIVB;TROW;WM;XOM;XRAY"
2023-08-28,"DTE,ED,KO;CDNS,ORCL;ADM;CERN;ETN;FAST;FI;FICO;FISV;HON;MGM;MSFT;SIVB;TROW;WM;XOM;XRAY"
2023-08-29,"DTE,ED,KO;CDNS,ORCL;MGM,XRAY;ADM;CERN;ETN;FAST;FI;FICO;FISV;HON;MSFT;SIVB;TROW;WM;XOM"
2023-08-30,"DTE,ED,KO;CDNS,ORCL;MGM,XRAY;ADM;CERN;ETN;FAST;FI;FICO;FISV;HON;MSFT;SIVB;TROW;WM;XOM"
2023-08-31,"DTE,ED,KO;CDNS,ORCL;MGM,XRAY;ADM;CERN;ETN;FAST;FI;FICO;FISV;HON;MSFT;SIVB;TROW;WM;XOM"
2023-09-01,"CDNS,MSFT,ORCL;DTE,ED,KO;MGM,XRAY;ADM;CERN;ETN;FAST;FI;FICO;FISV;HON;SIVB;TROW;WM;XOM"
2023-09-05,"CDNS,MSFT,ORCL;DTE,ED,KO;MGM,XRAY;ADM;CERN;ETN;FAST;FI;FICO;FISV;HON;SIVB;TROW;WM;XOM"
2023-09-06,"CDNS,MSFT,ORCL;DTE,ED,KO;MGM,XRAY;ADM;CERN;ETN;FAST;FI;FICO;FISV;HON;SIVB;TROW;WM;XOM"
2023-09-07,"DTE,ED,KO;MGM,XRAY;ADM;CDNS;CERN;ETN;FAST;FI;FICO;FISV;HON;MSFT;ORCL;SIVB;TROW;WM;XOM"
2023-09-08,"DTE,ED,KO;MGM,XRAY;MSFT,ORCL;ADM;CDNS;CERN;ETN;FAST;FI;FICO;FISV;HON;SIVB;TROW;WM;XOM"
2023-09-11,"DTE,ED,KO;MGM,XRAY;MSFT,ORCL;ADM;CDNS;CERN;ETN;FAST;FI;FICO;FISV;HON;SIVB;TROW;WM;XOM"
2023-09-12,"DTE,ED;MGM,XRAY;ADM;CDNS;CERN;ETN;FAST;FI;FICO;FISV;HON;KO;MSFT;ORCL;SIVB;TROW;WM;XOM"
2023-09-13,"DTE,ED;MGM,XRAY;ADM;CDNS;CERN;ETN;FAST;FI;FICO;FISV;HON;KO;MSFT;ORCL;SIVB;TROW;WM;XOM"
2023-09-14,"DTE,ED;MGM,XRAY;ADM;CDNS;CERN;ETN;FAST;FI;FICO;FISV;HON;KO;MSFT;ORCL;SIVB;TROW;WM;XOM"
2023-09-15,"DTE,ED;MGM,XRAY;ADM;CDNS;CERN;ETN;FAST;FI;FICO;FISV;HON;KO;MSFT;ORCL;SIVB;TROW;WM;XOM"
2023-09-18,"DTE,ED;MGM,XRAY;ADM;CDNS;CERN;ETN;FAST;FI;FICO;FISV;HON;KO;MSFT;ORCL;SIVB;TROW;WM;XOM"
2023-09-19,"DTE,ED;ADM;CDNS;CERN;ETN;FAST;FI;FICO;FISV;HON;KO;MGM;MSFT;ORCL;SIVB;TROW;WM;XOM;XRAY"
2023-09-20,"CDNS,MSFT;DTE,ED;ADM;CERN;ETN;FAST;FI;FICO;FISV;HON;KO;MGM;ORCL;SIVB;TROW;WM;XOM;XRAY"
2023-09-21,"CDNS,MSFT;DTE,ED;ADM;CERN;ETN;FAST;FI;FICO;FISV;HON;KO;MGM;ORCL;SIVB;TROW;WM;XOM;XRAY"
2023-09-22,"DTE,ED;ADM;CDNS;CERN;ETN;FAST;FI;FICO;FISV;HON;KO;MGM;MSFT;ORCL;SIVB;TROW;WM;XOM;XRAY"
2023-09-25,"DTE,ED;ADM;CDNS;CERN;ETN;FAST;FI;FICO;FISV;HON;KO;MGM;MSFT;ORCL;SIVB;TROW;WM;XOM;XRAY"
2023-09-26,"DTE,ED;ADM;CDNS;CERN;ETN;FAST;FI;FICO;FISV;HON;KO;MGM;MSFT;ORCL;SIVB;TROW;WM;XOM;XRAY"
2023-09-27,"CDNS,MSFT;DTE,ED;ADM;CERN;ETN;FAST;FI;FICO;FISV;HON;KO;MGM;ORCL;SIVB;TROW;WM;XOM;XRAY"
2023-09-28,"CDNS,MSFT;DTE,ED;ADM;CERN;ETN;FAST;FI;FICO;FISV;HON;KO;MGM;ORCL;SIVB;TROW;WM;XOM;XRAY"
2023-09-29,"CDNS,MSFT;DTE,ED;ADM;CERN;ETN;FAST;FI;FICO;FISV;HON;KO;MGM;ORCL;SIVB;TROW;WM;XOM;XRAY"
2023-10-02,"CDNS,MSFT;DTE,ED;ADM;CERN;ETN;FAST;FI;FICO;FISV;HON;KO;MGM;ORCL;SIVB;TROW;WM;XOM;XRAY"
2023-10-03,"CDNS,MSFT;DTE,ED;ADM;CERN;ETN;FAST;FI;FICO;FISV;HON;KO;MGM;ORCL;SIVB;TROW;WM;XOM;XRAY"
2023-10-04,"CDNS,FICO,MSFT;DTE,ED;ADM;CERN;ETN;FAST;FI;FISV;HON;KO;MGM;ORCL;SIVB;TROW;WM;XOM;XRAY"
2023-10-05,"CDNS,FICO,MSFT,TROW;DTE,ED;ADM;CERN;ETN;FAST;FI;FISV;HON;KO;MGM;ORCL;SIVB;WM;XOM;XRAY"
2023-10-06,"CDNS,FICO,MSFT;DTE,ED;ADM;CERN;ETN;FAST;FI;FISV;HON;KO;MGM;ORCL;SIVB;TROW;WM;XOM;XRAY"
2023-10-09,"CDNS,FICO,MSFT,TROW;DTE,ED,WM;ADM;CERN;ETN;FAST;FI;FISV;HON;KO;MGM;ORCL;SIVB;XOM;XRAY"
2023-10-10,"CDNS,FI,FICO,MSFT,TROW;DTE,ED,WM;ADM;CERN;ETN;FAST;FISV;HON;KO;MGM;ORCL;SIVB;XOM;XRAY"
2023-10-11,"CDNS,FI,FICO,MSFT,TROW;DTE,ED;ADM;CERN;ETN;FAST;FISV;HON;KO;MGM;ORCL;SIVB;WM;XOM;XRAY"
2023-10-12,"CDNS,FI,FICO,MSFT,TROW;DTE,ED,HON,WM;ADM;CERN;ETN;FAST;FISV;KO;MGM;ORCL;SIVB;XOM;XRAY"
2023-10-13,"CDNS,FI,FICO,MSFT,TROW;DTE,ED;ADM;CERN;ETN;FAST;FISV;HON;KO;MGM;ORCL;SIVB;WM;XOM;XRAY"
2023-10-16,"CDNS,FI,FICO,MSFT,TROW;DTE,ED;KO,XRAY;ADM;CERN;ETN;FAST;FISV;HON;MGM;ORCL;SIVB;WM;XOM"
2023-10-17,"CDNS,FI,FICO,MSFT,TROW;DTE,ED;KO,XRAY;ADM;CERN;ETN;FAST;FISV;HON;MGM;ORCL;SIVB;WM;XOM"
2023-10-18,"CDNS,FI,FICO,MSFT,TROW;DTE,ED;KO,XRAY;ADM;CERN;ETN;FAST;FISV;HON;MGM;ORCL;SIVB;WM;XOM"
2023-10-19,"CDNS,FI,FICO,MSFT,TROW;DTE,ED;ADM;CERN;ETN;FAST;FISV;HON;KO;MGM;ORCL;SIVB;WM;XOM;XRAY"
2023-10-20,"CDNS,FI,FICO,MSFT,TROW;DTE,ED;KO,XRAY;ADM;CERN;ETN;FAST;FISV;HON;MGM;ORCL;SIVB;WM;XOM"
2023-10-23,"CDNS,FI,FICO,MSFT,TROW;DTE,ED;ADM;CERN;ETN;FAST;FISV;HON;KO;MGM;ORCL;SIVB;WM;XOM;XRAY"
2023-10-24,"CDNS,MSFT;DTE,ED;ADM;CERN;ETN;FAST;FI;FICO;FISV;HON;KO;MGM;ORCL;SIVB;TROW;WM;XOM;XRAY"
2023-10-25,"CDNS,FICO,MSFT,TROW;DTE,ED;ETN,MGM;ADM;CERN;FAST;FI;FISV;HON;KO;ORCL;SIVB;WM;XOM;XRAY"
2023-10-26,"CDNS,MSFT,TROW;DTE,ED;ETN,MGM;ADM;CERN;FAST;FI;FICO;FISV;HON;KO;ORCL;SIVB;WM;XOM;XRAY"
2023-10-27,"CDNS,MSFT;DTE,ED;ETN,MGM;ADM;CERN;FAST;FI;FICO;FISV;HON;KO;ORCL;SIVB;TROW;WM;XOM;XRAY"
2023-10-30,"CDNS,MSFT;DTE,ED;ETN,MGM;ADM;CERN;FAST;FI;FICO;FISV;HON;KO;ORCL;SIVB;TROW;WM;XOM;XRAY"
2023-10-31,"DTE,ED;ADM;CDNS;CERN;ETN;FAST;FI;FICO;FISV;HON;KO;MGM;MSFT;ORCL;SIVB;TROW;WM;XOM;XRAY"
2023-11-01,"CDNS,MSFT,ORCL;DTE,ED;ADM;CERN;ETN;FAST;FI;FICO;FISV;HON;KO;MGM;SIVB;TROW;WM;XOM;XRAY"
2023-11-02,"CDNS,ORCL;DTE,ED;FI,TROW;ADM;CERN;ETN;FAST;FICO;FISV;HON;KO;MGM;MSFT;SIVB;WM;XOM;XRAY"
2023-11-03,"DTE,ED;FI,TROW;ADM;CDNS;CERN;ETN;FAST;FICO;FISV;HON;KO;MGM;MSFT;ORCL;SIVB;WM;XOM;XRAY"
2023-11-06,"DTE,ED;FI,TROW;ADM;CDNS;CERN;ETN;FAST;FICO;FISV;HON;KO;MGM;MSFT;ORCL;SIVB;WM;XOM;XRAY"
2023-11-07,"DTE,ED;FI,TROW;ADM;CDNS;CERN;ETN;FAST;FICO;FISV;HON;KO;MGM;MSFT;ORCL;SIVB;WM;XOM;XRAY"
2023-11-08,"DTE,ED;FI,TROW;ADM;CDNS;CERN;ETN;FAST;FICO;FISV;HON;KO;MGM;MSFT;ORCL;SIVB;WM;XOM;XRAY"
2023-11-09,"DTE,ED;FI,TROW;ADM;CDNS;CERN;ETN;FAST;FICO;FISV;HON;KO;MGM;MSFT;ORCL;SIVB;WM;XOM;XRAY"
2023-11-10,"DTE,ED;FI,TROW;ADM;CDNS;CERN;ETN;FAST;FICO;FISV;HON;KO;MGM;MSFT;ORCL;SIVB;WM;XOM;XRAY"
2023-11-13,"DTE,ED;FI,TROW;ADM;CDNS;CERN;ETN;FAST;FICO;FISV;HON;KO;MGM;MSFT;ORCL;SIVB;WM;XOM;XRAY"
2023-11-14,"DTE,ED;ADM;CDNS;CERN;ETN;FAST;FI;FICO;FISV;HON;KO;MGM;MSFT;ORCL;SIVB;TROW;WM;XOM;XRAY"
2023-11-15,"DTE,ED;ADM;CDNS;CERN;ETN;FAST;FI;FICO;FISV;HON;KO;MGM;MSFT;ORCL;SIVB;TROW;WM;XOM;XRAY"
2023-11-16,"CDNS,ETN;DTE,ED;MGM,TROW;ADM;CERN;FAST;FI;FICO;FISV;HON;KO;MSFT;ORCL;SIVB;WM;XOM;XRAY"
2023-11-17,"CDNS,ETN,ORCL;DTE,ED;MGM,TROW;ADM;CERN;FAST;FI;FICO;FISV;HON;KO;MSFT;SIVB;WM;XOM;XRAY"
2023-11-20,"CDNS,ETN,ORCL;DTE,ED;MGM,TROW;ADM;CERN;FAST;FI;FICO;FISV;HON;KO;MSFT;SIVB;WM;XOM;XRAY"
2023-11-21,"CDNS,ETN,HON,ORCL;DTE,ED;MGM,TROW;ADM;CERN;FAST;FI;FICO;FISV;KO;MSFT;SIVB;WM;XOM;XRAY"
2023-11-22,"CDNS,ETN,HON,ORCL;DTE,ED;MGM,TROW;ADM;CERN;FAST;FI;FICO;FISV;KO;MSFT;SIVB;WM;XOM;XRAY"
2023-11-24,"CDNS,ETN,HON,ORCL;DTE,ED;MGM,TROW;ADM;CERN;FAST;FI;FICO;FISV;KO;MSFT;SIVB;WM;XOM;XRAY"
2023-11-27,"CDNS,ETN,HON,MGM,ORCL,TROW;DTE,ED;ADM;CERN;FAST;FI;FICO;FISV;KO;MSFT;SIVB;WM;XOM;XRAY"
2023-11-28,"CDNS,ETN,HON,MGM,ORCL,TROW;DTE,ED;ADM;CERN;FAST;FI;FICO;FISV;KO;MSFT;SIVB;WM;XOM;XRAY"
2023-11-29,"CDNS,ETN,HON,MGM,ORCL,TROW;DTE,ED;ADM;CERN;FAST;FI;FICO;FISV;KO;MSFT;SIVB;WM;XOM;XRAY"
2023-11-30,"CDNS,ETN,HON,MGM,ORCL,TROW;DTE,ED;ADM;CERN;FAST;FI;FICO;FISV;KO;MSFT;SIVB;WM;XOM;XRAY"
2023-12-01,"CDNS,ETN,HON,MGM,ORCL,TROW;DTE,ED;ADM;CERN;FAST;FI;FICO;FISV;KO;MSFT;SIVB;WM;XOM;XRAY"
2023-12-04,"CDNS,ETN,HON,ORCL;DTE,ED;MGM,TROW;ADM;CERN;FAST;FI;FICO;FISV;KO;MSFT;SIVB;WM;XOM;XRAY"
2023-12-05,"CDNS,ETN,HON,MGM,ORCL,TROW;DTE,ED;ADM;CERN;FAST;FI;FICO;FISV;KO;MSFT;SIVB;WM;XOM;XRAY"
2023-12-06,"ETN,HON,MGM,TROW;CDNS,ORCL;DTE,ED;ADM;CERN;FAST;FI;FICO;FISV;KO;MSFT;SIVB;WM;XOM;XRAY"
2023-12-07,"ETN,HON,MGM,TROW;CDNS,ORCL;DTE,ED;ADM;CERN;FAST;FI;FICO;FISV;KO;MSFT;SIVB;WM;XOM;XRAY"
2023-12-08,"CDNS,ORCL;DTE,ED;MGM,TROW;ADM;CERN;ETN;FAST;FI;FICO;FISV;HON;KO;MSFT;SIVB;WM;XOM;XRAY"
2023-12-11,"CDNS,ORCL;DTE,ED;MGM,TROW;ADM;CERN;ETN;FAST;FI;FICO;FISV;HON;KO;MSFT;SIVB;WM;XOM;XRAY"
2023-12-12,"CDNS,HON;DTE,ED;ADM;CERN;ETN;FAST;FI;FICO;FISV;KO;MGM;MSFT;ORCL;SIVB;TROW;WM;XOM;XRAY"
2023-12-13,"DTE,ED,TROW;CDNS,ETN;ADM;CERN;FAST;FI;FICO;FISV;HON;KO;MGM;MSFT;ORCL;SIVB;WM;XOM;XRAY"
2023-12-14,"DTE,ED;ADM;CDNS;CERN;ETN;FAST;FI;FICO;FISV;HON;KO;MGM;MSFT;ORCL;SIVB;TROW;WM;XOM;XRAY"
2023-12-15,"CDNS,ETN;DTE,ED;ADM;CERN;FAST;FI;FICO;FISV;HON;KO;MGM;MSFT;ORCL;SIVB;TROW;WM;XOM;XRAY"
2023-12-18,"DTE,ED;MGM,TROW;ADM;CDNS;CERN;ETN;FAST;FI;FICO;FISV;HON;KO;MSFT;ORCL;SIVB;WM;XOM;XRAY"
2023-12-19,"DTE,ED;MGM,TROW;ADM;CDNS;CERN;ETN;FAST;FI;FICO;FISV;HON;KO;MSFT;ORCL;SIVB;WM;XOM;XRAY"
2023-12-20,"DTE,ED;MGM,TROW;ADM;CDNS;CERN;ETN;FAST;FI;FICO;FISV;HON;KO;MSFT;ORCL;SIVB;WM;XOM;XRAY"
2023-12-21,"DTE,ED;MGM,TROW;ADM;CDNS;CERN;ETN;FAST;FI;FICO;FISV;HON;KO;MSFT;ORCL;SIVB;WM;XOM;XRAY"
2023-12-22,"DTE,ED;FAST,HON;MGM,TROW;ADM;CDNS;CERN;ETN;FI;FICO;FISV;KO;MSFT;ORCL;SIVB;WM;XOM;XRAY"
2023-12-26,"DTE,ED,MGM,TROW;FAST,HON;ADM;CDNS;CERN;ETN;FI;FICO;FISV;KO;MSFT;ORCL;SIVB;WM;XOM;XRAY"
2023-12-27,"DTE,ED,MGM,TROW;FAST,HON;ADM;CDNS;CERN;ETN;FI;FICO;FISV;KO;MSFT;ORCL;SIVB;WM;XOM;XRAY"
2023-12-28,"DTE,ED,MGM,TROW;FAST,HON;ADM;CDNS;CERN;ETN;FI;FICO;FISV;KO;MSFT;ORCL;SIVB;WM;XOM;XRAY"
2023-12-29,"DTE,ED;ADM;CDNS;CERN;ETN;FAST;FI;FICO;FISV;HON;KO;MGM;MSFT;ORCL;SIVB;TROW;WM;XOM;XRAY"
2024-01-02,"DTE,ED;ADM;CDNS;CERN;ETN;FAST;FI;FICO;FISV;HON;KO;MGM;MSFT;ORCL;SIVB;TROW;WM;XOM;XRAY"
2024-01-03,"DTE,ED,MGM,TROW;FAST,HON;ADM;CDNS;CERN;ETN;FI;FICO;FISV;KO;MSFT;ORCL;SIVB;WM;XOM;XRAY"
2024-01-04,"DTE,ED,MGM,TROW;FAST,HON;ADM;CDNS;CERN;ETN;FI;FICO;FISV;KO;MSFT;ORCL;SIVB;WM;XOM;XRAY"
2024-01-05,"DTE,ED,MGM,TROW;CDNS,ETN;FAST,HON;ADM;CERN;FI;FICO;FISV;KO;MSFT;ORCL;SIVB;WM;XOM;XRAY"
2024-01-08,"DTE,ED,MGM,TROW;FAST,HON;ADM;CDNS;CERN;ETN;FI;FICO;FISV;KO;MSFT;ORCL;SIVB;WM;XOM;XRAY"
2024-01-09,"DTE,ED,MGM,TROW;FAST,HON;ADM;CDNS;CERN;ETN;FI;FICO;FISV;KO;MSFT;ORCL;SIVB;WM;XOM;XRAY"
2024-01-10,"DTE,ED,MGM;FAST,HON;ADM;CDNS;CERN;ETN;FI;FICO;FISV;KO;MSFT;ORCL;SIVB;TROW;WM;XOM;XRAY"
2024-01-11,"DTE,ED,MGM;ADM;CDNS;CERN;ETN;FAST;FI;FICO;FISV;HON;KO;MSFT;ORCL;SIVB;TROW;WM;XOM;XRAY"
2024-01-12,"DTE,ED,MGM;ETN,FAST,HON;CDNS,FICO;ADM;CERN;FI;FISV;KO;MSFT;ORCL;SIVB;TROW;WM;XOM;XRAY"
2024-01-16,"DTE,ED,MGM;ETN,FAST;ADM;CDNS;CERN;FI;FICO;FISV;HON;KO;MSFT;ORCL;SIVB;TROW;WM;XOM;XRAY"
2024-01-17,"DTE,ED,MGM;ETN,FAST;ADM;CDNS;CERN;FI;FICO;FISV;HON;KO;MSFT;ORCL;SIVB;TROW;WM;XOM;XRAY"
2024-01-18,"DTE,ED,ETN,MGM;ADM;CDNS;CERN;FAST;FI;FICO;FISV;HON;KO;MSFT;ORCL;SIVB;TROW;WM;XOM;XRAY"
2024-01-19,"DTE,ED,ETN,MGM;ADM;CDNS;CERN;FAST;FI;FICO;FISV;HON;KO;MSFT;ORCL;SIVB;TROW;WM;XOM;XRAY"
2024-01-22,"DTE,ED,ETN,MGM;ADM;CDNS;CERN;FAST;FI;FICO;FISV;HON;KO;MSFT;ORCL;SIVB;TROW;WM;XOM;XRAY"
2024-01-23,"DTE,ED,ETN,MGM;ADM;CDNS;CERN;FAST;FI;FICO;FISV;HON;KO;MSFT;ORCL;SIVB;TROW;WM;XOM;XRAY"
2024-01-24,"DTE,ED,ETN,FAST,MGM;ADM;CDNS;CERN;FI;FICO;FISV;HON;KO;MSFT;ORCL;SIVB;TROW;WM;XOM;XRAY"
2024-01-25,"DTE,ED,ETN,MGM;ADM;CDNS;CERN;FAST;FI;FICO;FISV;HON;KO;MSFT;ORCL;SIVB;TROW;WM;XOM;XRAY"
2024-01-26,"DTE,ED,ETN,MGM;ADM;CDNS;CERN;FAST;FI;FICO;FISV;HON;KO;MSFT;ORCL;SIVB;TROW;WM;XOM;XRAY"
2024-01-29,"DTE,ED;ADM;CDNS;CERN;ETN;FAST;FI;FICO;FISV;HON;KO;MGM;MSFT;ORCL;SIVB;TROW;WM;XOM;XRAY"
2024-01-30,"DTE,ED;ADM;CDNS;CERN;ETN;FAST;FI;FICO;FISV;HON;KO;MGM;MSFT;ORCL;SIVB;TROW;WM;XOM;XRAY"
2024-01-31,"DTE,ED;ADM;CDNS;CERN;ETN;FAST;FI;FICO;FISV;HON;KO;MGM;MSFT;ORCL;SIVB;TROW;WM;XOM;XRAY"
2024-02-01,"DTE,ED,KO,WM;ADM;CDNS;CERN;ETN;FAST;FI;FICO;FISV;HON;MGM;MSFT;ORCL;SIVB;TROW;XOM;XRAY"
2024-02-02,"DTE,ED,KO,WM;ADM;CDNS;CERN;ETN;FAST;FI;FICO;FISV;HON;MGM;MSFT;ORCL;SIVB;TROW;XOM;XRAY"
2024-02-05,"DTE,ED,KO,WM;ADM;CDNS;CERN;ETN;FAST;FI;FICO;FISV;HON;MGM;MSFT;ORCL;SIVB;TROW;XOM;XRAY"
2024-02-06,"DTE,ED,KO,WM;ADM;CDNS;CERN;ETN;FAST;FI;FICO;FISV;HON;MGM;MSFT;ORCL;SIVB;TROW;XOM;XRAY"
2024-02-07,"DTE,ED,KO,WM;ADM;CDNS;CERN;ETN;FAST;FI;FICO;FISV;HON;MGM;MSFT;ORCL;SIVB;TROW;XOM;XRAY"
2024-02-08,"DTE,ED,KO,WM;ADM;CDNS;CERN;ETN;FAST;FI;FICO;FISV;HON;MGM;MSFT;ORCL;SIVB;TROW;XOM;XRAY"
2024-02-09,"DTE,ED,KO,WM;TROW,XRAY;ADM;CDNS;CERN;ETN;FAST;FI;FICO;FISV;HON;MGM;MSFT;ORCL;SIVB;XOM"
2024-02-12,"DTE,ED,KO,WM;CDNS,MSFT;TROW,XRAY;ADM;CERN;ETN;FAST;FI;FICO;FISV;HON;MGM;ORCL;SIVB;XOM"
2024-02-13,"DTE,ED,KO;CDNS,MSFT;TROW,XRAY;ADM;CERN;ETN;FAST;FI;FICO;FISV;HON;MGM;ORCL;SIVB;WM;XOM"
2024-02-14,"DTE,ED,KO;CDNS,MSFT;TROW,XRAY;ADM;CERN;ETN;FAST;FI;FICO;FISV;HON;MGM;ORCL;SIVB;WM;XOM"
2024-02-15,"DTE,ED,KO;CDNS,MSFT;TROW,XRAY;ADM;CERN;ETN;FAST;FI;FICO;FISV;HON;MGM;ORCL;SIVB;WM;XOM"
2024-02-16,"DTE,ED,KO;CDNS,MSFT;TROW,XRAY;ADM;CERN;ETN;FAST;FI;FICO;FISV;HON;MGM;ORCL;SIVB;WM;XOM"
2024-02-20,"DTE,ED,KO;CDNS,MSFT;TROW,XRAY;ADM;CERN;ETN;FAST;FI;FICO;FISV;HON;MGM;ORCL;SIVB;WM;XOM"
2024-02-21,"DTE,ED,KO;CDNS,MSFT;TROW,XRAY;ADM;CERN;ETN;FAST;FI;FICO;FISV;HON;MGM;ORCL;SIVB;WM;XOM"
2024-02-22,"DTE,ED,KO;CDNS,MSFT;TROW,XRAY;ADM;CERN;ETN;FAST;FI;FICO;FISV;HON;MGM;ORCL;SIVB;WM;XOM"
2024-02-23,"DTE,ED,KO;CDNS,MSFT;TROW,XRAY;ADM;CERN;ETN;FAST;FI;FICO;FISV;HON;MGM;ORCL;SIVB;WM;XOM"
2024-02-26,"CDNS,MSFT,ORCL;DTE,ED,KO;TROW,XRAY;ADM;CERN;ETN;FAST;FI;FICO;FISV;HON;MGM;SIVB;WM;XOM"
2024-02-27,"CDNS,MSFT,ORCL;DTE,ED,KO;ADM;CERN;ETN;FAST;FI;FICO;FISV;HON;MGM;SIVB;TROW;WM;XOM;XRAY"
2024-02-28,"CDNS,MSFT,ORCL;DTE,ED;ADM;CERN;ETN;FAST;FI;FICO;FISV;HON;KO;MGM;SIVB;TROW;WM;XOM;XRAY"
2024-02-29,"CDNS,MSFT,ORCL;DTE,ED;ADM;CERN;ETN;FAST;FI;FICO;FISV;HON;KO;MGM;SIVB;TROW;WM;XOM;XRAY"
2024-03-01,"CDNS,ETN,MSFT,ORCL;DTE,ED;ADM;CERN;FAST;FI;FICO;FISV;HON;KO;MGM;SIVB;TROW;WM;XOM;XRAY"
2024-03-04,"CDNS,ETN,MSFT,ORCL;DTE,ED;ADM;CERN;FAST;FI;FICO;FISV;HON;KO;MGM;SIVB;TROW;WM;XOM;XRAY"
2024-03-05,"CDNS,ETN,MSFT,ORCL;DTE,ED;ADM;CERN;FAST;FI;FICO;FISV;HON;KO;MGM;SIVB;TROW;WM;XOM;XRAY"
2024-03-06,"CDNS,ETN,MSFT,ORCL;DTE,ED;ADM;CERN;FAST;FI;FICO;FISV;HON;KO;MGM;SIVB;TROW;WM;XOM;XRAY"
2024-03-07,"CDNS,ETN,MSFT,ORCL;DTE,ED;ADM;CERN;FAST;FI;FICO;FISV;HON;KO;MGM;SIVB;TROW;WM;XOM;XRAY"
2024-03-08,"CDNS,ETN,FICO,MSFT,ORCL;DTE,ED;ADM;CERN;FAST;FI;FISV;HON;KO;MGM;SIVB;TROW;WM;XOM;XRAY"
2024-03-11,"CDNS,ETN,FICO,MSFT,ORCL;DTE,ED;ADM;CERN;FAST;FI;FISV;HON;KO;MGM;SIVB;TROW;WM;XOM;XRAY"
2024-03-12,"CDNS,ETN,FICO,MSFT,ORCL;DTE,ED;ADM;CERN;FAST;FI;FISV;HON;KO;MGM;SIVB;TROW;WM;XOM;XRAY"
2024-03-13,"CDNS,ETN,FICO,MSFT,ORCL;DTE,ED;ADM;CERN;FAST;FI;FISV;HON;KO;MGM;SIVB;TROW;WM;XOM;XRAY"
2024-03-14,"CDNS,MSFT,ORCL;DTE,ED;ADM;CERN;ETN;FAST;FI;FICO;FISV;HON;KO;MGM;SIVB;TROW;WM;XOM;XRAY"
2024-03-15,"CDNS,MSFT;DTE,ED;ADM;CERN;ETN;FAST;FI;FICO;FISV;HON;KO;MGM;ORCL;SIVB;TROW;WM;XOM;XRAY"
2024-03-18,"CDNS,MSFT;DTE,ED;ADM;CERN;ETN;FAST;FI;FICO;FISV;HON;KO;MGM;ORCL;SIVB;TROW;WM;XOM;XRAY"
2024-03-19,"CDNS,MSFT;DTE,ED;ADM;CERN;ETN;FAST;FI;FICO;FISV;HON;KO;MGM;ORCL;SIVB;TROW;WM;XOM;XRAY"
2024-03-20,"CDNS,MSFT;DTE,ED;ADM;CERN;ETN;FAST;FI;FICO;FISV;HON;KO;MGM;ORCL;SIVB;TROW;WM;XOM;XRAY"
2024-03-21,"CDNS,MSFT;DTE,ED;ADM;CERN;ETN;FAST;FI;FICO;FISV;HON;KO;MGM;ORCL;SIVB;TROW;WM;XOM;XRAY"
2024-03-22,"CDNS,ETN,MSFT;DTE,ED;ADM;CERN;FAST;FI;FICO;FISV;HON;KO;MGM;ORCL;SIVB;TROW;WM;XOM;XRAY"
2024-03-25,"CDNS,ETN,MSFT,ORCL;DTE,ED;ADM;CERN;FAST;FI;FICO;FISV;HON;KO;MGM;SIVB;TROW;WM;XOM;XRAY"
2024-03-26,"CDNS,ETN,MSFT;DTE,ED;ADM;CERN;FAST;FI;FICO;FISV;HON;KO;MGM;ORCL;SIVB;TROW;WM;XOM;XRAY"
2024-03-27,"CDNS,ETN,MSFT;DTE,ED;TROW,XRAY;ADM;CERN;FAST;FI;FICO;FISV;HON;KO;MGM;ORCL;SIVB;WM;XOM"
2024-03-28,"CDNS,ETN,MSFT;DTE,ED;TROW,XRAY;ADM;CERN;FAST;FI;FICO;FISV;HON;KO;MGM;ORCL;SIVB;WM;XOM"
2024-04-01,"CDNS,ETN,FAST,MSFT;DTE,ED;TROW,XRAY;ADM;CERN;FI;FICO;FISV;HON;KO;MGM;ORCL;SIVB;WM;XOM"
2024-04-02,"CDNS,ETN,FAST,FICO,MSFT;DTE,ED;TROW,XRAY;ADM;CERN;FI;FISV;HON;KO;MGM;ORCL;SIVB;WM;XOM"
2024-04-03,"CDNS,ETN,FAST,MSFT;DTE,ED;TROW,XRAY;ADM;CERN;FI;FICO;FISV;HON;KO;MGM;ORCL;SIVB;WM;XOM"
2024-04-04,"CDNS,ETN,FAST,FICO,MSFT;DTE,ED;TROW,XRAY;ADM;CERN;FI;FISV;HON;KO;MGM;ORCL;SIVB;WM;XOM"
2024-04-05,"CDNS,ETN,FAST,FICO,MSFT;DTE,ED;TROW,XRAY;ADM;CERN;FI;FISV;HON;KO;MGM;ORCL;SIVB;WM;XOM"
2024-04-08,"CDNS,ETN,FAST,FICO,MSFT;DTE,ED;TROW,XRAY;ADM;CERN;FI;FISV;HON;KO;MGM;ORCL;SIVB;WM;XOM"
2024-04-09,"CDNS,ETN,FAST,FICO,MSFT;DTE,ED;TROW,XRAY;ADM;CERN;FI;FISV;HON;KO;MGM;ORCL;SIVB;WM;XOM"
2024-04-10,"CDNS,ETN,FAST,FICO,MSFT;DTE,ED;TROW,XRAY;ADM;CERN;FI;FISV;HON;KO;MGM;ORCL;SIVB;WM;XOM"
2024-04-11,"CDNS,FICO,MSFT;DTE,ED;TROW,XRAY;ADM;CERN;ETN;FAST;FI;FISV;HON;KO;MGM;ORCL;SIVB;WM;XOM"
2024-04-12,"CDNS,FICO,MSFT,ORCL;DTE,ED;TROW,XRAY;ADM;CERN;ETN;FAST;FI;FISV;HON;KO;MGM;SIVB;WM;XOM"
2024-04-15,"CDNS,FICO,MSFT;HON,TROW,XRAY;DTE,ED;ADM;CERN;ETN;FAST;FI;FISV;KO;MGM;ORCL;SIVB;WM;XOM"
2024-04-16,"DTE,ED,HON,TROW,XRAY;CDNS,FICO,MSFT;ADM;CERN;ETN;FAST;FI;FISV;KO;MGM;ORCL;SIVB;WM;XOM"
2024-04-17,"CDNS,FICO,MSFT,ORCL;HON,TROW,XRAY;DTE,ED;ADM;CERN;ETN;FAST;FI;FISV;KO;MGM;SIVB;WM;XOM"
2024-04-18,"CDNS,FICO,MSFT,ORCL;HON,TROW,XRAY;DTE,ED;ADM;CERN;ETN;FAST;FI;FISV;KO;MGM;SIVB;WM;XOM"
2024-04-19,"CDNS,ETN,FICO,MSFT,ORCL;DTE,ED,HON;TROW,XRAY;ADM;CERN;FAST;FI;FISV;KO;MGM;SIVB;WM;XOM"
2024-04-22,"CDNS,ETN,FICO,MSFT,ORCL;DTE,ED,HON;TROW,XRAY;ADM;CERN;FAST;FI;FISV;KO;MGM;SIVB;WM;XOM"
2024-04-23,"CDNS,ETN,FICO,MSFT,ORCL;DTE,ED,HON,TROW,XRAY;ADM;CERN;FAST;FI;FISV;KO;MGM;SIVB;WM;XOM"
2024-04-24,"CDNS,FICO,MSFT,ORCL;DTE,ED;HON,TROW;ADM;CERN;ETN;FAST;FI;FISV;KO;MGM;SIVB;WM;XOM;XRAY"
2024-04-25,"CDNS,FICO,MSFT;DTE,ED;ADM;CERN;ETN;FAST;FI;FISV;HON;KO;MGM;ORCL;SIVB;TROW;WM;XOM;XRAY"
2024-04-26,"CDNS,ETN,MSFT,ORCL;DTE,ED;ADM;CERN;FAST;FI;FICO;FISV;HON;KO;MGM;SIVB;TROW;WM;XOM;XRAY"
2024-04-29,"CDNS,MSFT,ORCL;DTE,ED;ADM;CERN;ETN;FAST;FI;FICO;FISV;HON;KO;MGM;SIVB;TROW;WM;XOM;XRAY"
2024-04-30,"CDNS,ETN,MSFT,ORCL;DTE,ED;ADM;CERN;FAST;FI;FICO;FISV;HON;KO;MGM;SIVB;TROW;WM;XOM;XRAY"
2024-05-01,"CDNS,ETN,MSFT,ORCL;DTE,ED;ADM;CERN;FAST;FI;FICO;FISV;HON;KO;MGM;SIVB;TROW;WM;XOM;XRAY"
2024-05-02,"CDNS,ETN,MSFT,ORCL;DTE,ED;ADM;CERN;FAST;FI;FICO;FISV;HON;KO;MGM;SIVB;TROW;WM;XOM;XRAY"
2024-05-03,"CDNS,MSFT;DTE,ED;ADM;CERN;ETN;FAST;FI;FICO;FISV;HON;KO;MGM;ORCL;SIVB;TROW;WM;XOM;XRAY"
2024-05-06,"CDNS,MSFT,ORCL;DTE,ED;ADM;CERN;ETN;FAST;FI;FICO;FISV;HON;KO;MGM;SIVB;TROW;WM;XOM;XRAY"
2024-05-07,"CDNS,MSFT,ORCL;DTE,ED;ADM;CERN;ETN;FAST;FI;FICO;FISV;HON;KO;MGM;SIVB;TROW;WM;XOM;XRAY"
2024-05-08,"CDNS,MSFT,ORCL;DTE,ED;ADM;CERN;ETN;FAST;FI;FICO;FISV;HON;KO;MGM;SIVB;TROW;WM;XOM;XRAY"
2024-05-09,"DTE,ED,HON;CDNS,MSFT;ADM;CERN;ETN;FAST;FI;FICO;FISV;KO;MGM;ORCL;SIVB;TROW;WM;XOM;XRAY"
2024-05-10,"CDNS,MSFT,ORCL;DTE,ED;ADM;CERN;ETN;FAST;FI;FICO;FISV;HON;KO;MGM;SIVB;TROW;WM;XOM;XRAY"
2024-05-13,"CDNS,MSFT,ORCL;DTE,ED;ADM;CERN;ETN;FAST;FI;FICO;FISV;HON;KO;MGM;SIVB;TROW;WM;XOM;XRAY"
2024-05-14,"CDNS,MSFT,ORCL;DTE,ED;ADM;CERN;ETN;FAST;FI;FICO;FISV;HON;KO;MGM;SIVB;TROW;WM;XOM;XRAY"
2024-05-15,"CDNS,MSFT;DTE,ED;ADM;CERN;ETN;FAST;FI;FICO;FISV;HON;KO;MGM;ORCL;SIVB;TROW;WM;XOM;XRAY"
2024-05-16,"CDNS,MSFT;DTE,ED;ADM;CERN;ETN;FAST;FI;FICO;FISV;HON;KO;MGM;ORCL;SIVB;TROW;WM;XOM;XRAY"
2024-05-17,"CDNS,MSFT;DTE,ED;ADM;CERN;ETN;FAST;FI;FICO;FISV;HON;KO;MGM;ORCL;SIVB;TROW;WM;XOM;XRAY"
2024-05-20,"CDNS,MSFT;DTE,ED;ADM;CERN;ETN;FAST;FI;FICO;FISV;HON;KO;MGM;ORCL;SIVB;TROW;WM;XOM;XRAY"
2024-05-21,"CDNS,MSFT;DTE,ED;ADM;CERN;ETN;FAST;FI;FICO;FISV;HON;KO;MGM;ORCL;SIVB;TROW;WM;XOM;XRAY"
2024-05-22,"CDNS,MSFT,ORCL;DTE,ED;ADM;CERN;ETN;FAST;FI;FICO;FISV;HON;KO;MGM;SIVB;TROW;WM;XOM;XRAY"
2024-05-23,"DTE,ED,HON,KO;CDNS,MSFT,ORCL;ADM;CERN;ETN;FAST;FI;FICO;FISV;MGM;SIVB;TROW;WM;XOM;XRAY"
2024-05-24,"CDNS,MSFT,ORCL;DTE,ED,KO;ADM;CERN;ETN;FAST;FI;FICO;FISV;HON;MGM;SIVB;TROW;WM;XOM;XRAY"
2024-05-28,"DTE,ED,HON,KO;CDNS,MSFT,ORCL;ADM;CERN;ETN;FAST;FI;FICO;FISV;MGM;SIVB;TROW;WM;XOM;XRAY"
2024-05-29,"DTE,ED,HON,KO;CDNS,MSFT,ORCL;ADM;CERN;ETN;FAST;FI;FICO;FISV;MGM;SIVB;TROW;WM;XOM;XRAY"
2024-05-30,"DTE,ED,HON,KO;CDNS,MSFT,ORCL;ADM;CERN;ETN;FAST;FI;FICO;FISV;MGM;SIVB;TROW;WM;XOM;XRAY"
2024-05-31,"DTE,ED,HON,KO;CDNS,MSFT,ORCL;ADM;CERN;ETN;FAST;FI;FICO;FISV;MGM;SIVB;TROW;WM;XOM;XRAY"
2024-06-03,"DTE,ED,HON,KO;CDNS,MSFT,ORCL;ADM;CERN;ETN;FAST;FI;FICO;FISV;MGM;SIVB;TROW;WM;XOM;XRAY"
2024-06-04,"DTE,ED,HON,KO;CDNS,MSFT,ORCL;ADM;CERN;ETN;FAST;FI;FICO;FISV;MGM;SIVB;TROW;WM;XOM;XRAY"
2024-06-05,"DTE,ED,HON,KO;CDNS,MSFT,ORCL;ADM;CERN;ETN;FAST;FI;FICO;FISV;MGM;SIVB;TROW;WM;XOM;XRAY"
2024-06-06,"DTE,ED,HON,KO;CDNS,MSFT,ORCL;ADM;CERN;ETN;FAST;FI;FICO;FISV;MGM;SIVB;TROW;WM;XOM;XRAY"
2024-06-07,"DTE,ED,HON,KO;CDNS,MSFT,ORCL;ADM;CERN;ETN;FAST;FI;FICO;FISV;MGM;SIVB;TROW;WM;XOM;XRAY"
2024-06-10,"CDNS,MSFT,ORCL;DTE,ED,KO;ADM;CERN;ETN;FAST;FI;FICO;FISV;HON;MGM;SIVB;TROW;WM;XOM;XRAY"
2024-06-11,"CDNS,MSFT,ORCL;DTE,ED,KO;ADM;CERN;ETN;FAST;FI;FICO;FISV;HON;MGM;SIVB;TROW;WM;XOM;XRAY"
2024-06-12,"DTE,ED,KO;CDNS,MSFT;ADM;CERN;ETN;FAST;FI;FICO;FISV;HON;MGM;ORCL;SIVB;TROW;WM;XOM;XRAY"
2024-06-13,"DTE,ED,KO;CDNS,MSFT;ADM;CERN;ETN;FAST;FI;FICO;FISV;HON;MGM;ORCL;SIVB;TROW;WM;XOM;XRAY"
2024-06-14,"DTE,ED,KO;CDNS,MSFT;ADM;CERN;ETN;FAST;FI;FICO;FISV;HON;MGM;ORCL;SIVB;TROW;WM;XOM;XRAY"
2024-06-17,"DTE,ED,KO;CDNS,MSFT;ADM;CERN;ETN;FAST;FI;FICO;FISV;HON;MGM;ORCL;SIVB;TROW;WM;XOM;XRAY"
2024-06-18,"DTE,ED,KO;CDNS,MSFT;ADM;CERN;ETN;FAST;FI;FICO;FISV;HON;MGM;ORCL;SIVB;TROW;WM;XOM;XRAY"
2024-06-20,"DTE,ED,KO;CDNS,MSFT;ADM;CERN;ETN;FAST;FI;FICO;FISV;HON;MGM;ORCL;SIVB;TROW;WM;XOM;XRAY"
2024-06-21,"CDNS,MSFT;DTE,ED;ADM;CERN;ETN;FAST;FI;FICO;FISV;HON;KO;MGM;ORCL;SIVB;TROW;WM;XOM;XRAY"
2024-06-24,"CDNS,MSFT;DTE,ED;ADM;CERN;ETN;FAST;FI;FICO;FISV;HON;KO;MGM;ORCL;SIVB;TROW;WM;XOM;XRAY"
2024-06-25,"DTE,ED,KO;CDNS,MSFT;ADM;CERN;ETN;FAST;FI;FICO;FISV;HON;MGM;ORCL;SIVB;TROW;WM;XOM;XRAY"
2024-06-26,"CDNS,MSFT;DTE,ED;ADM;CERN;ETN;FAST;FI;FICO;FISV;HON;KO;MGM;ORCL;SIVB;TROW;WM;XOM;XRAY"
2024-06-27,"CDNS,MSFT;DTE,ED;ADM;CERN;ETN;FAST;FI;FICO;FISV;HON;KO;MGM;ORCL;SIVB;TROW;WM;XOM;XRAY"
2024-06-28,"CDNS,MSFT;DTE,ED;ADM;CERN;ETN;FAST;FI;FICO;FISV;HON;KO;MGM;ORCL;SIVB;TROW;WM;XOM;XRAY"
2024-07-01,"DTE,ED;ADM;CDNS;CERN;ETN;FAST;FI;FICO;FISV;HON;KO;MGM;MSFT;ORCL;SIVB;TROW;WM;XOM;XRAY"
2024-07-02,"DTE,ED;ADM;CDNS;CERN;ETN;FAST;FI;FICO;FISV;HON;KO;MGM;MSFT;ORCL;SIVB;TROW;WM;XOM;XRAY"
2024-07-03,"DTE,ED;ADM;CDNS;CERN;ETN;FAST;FI;FICO;FISV;HON;KO;MGM;MSFT;ORCL;SIVB;TROW;WM;XOM;XRAY"
2024-07-05,"CDNS,MSFT;DTE,ED;ADM;CERN;ETN;FAST;FI;FICO;FISV;HON;KO;MGM;ORCL;SIVB;TROW;WM;XOM;XRAY"
2024-07-08,"CDNS,MSFT;DTE,ED;ADM;CERN;ETN;FAST;FI;FICO;FISV;HON;KO;MGM;ORCL;SIVB;TROW;WM;XOM;XRAY"
2024-07-09,"CDNS,MSFT;DTE,ED;ADM;CERN;ETN;FAST;FI;FICO;FISV;HON;KO;MGM;ORCL;SIVB;TROW;WM;XOM;XRAY"
2024-07-10,"CDNS,MSFT;DTE,ED;ADM;CERN;ETN;FAST;FI;FICO;FISV;HON;KO;MGM;ORCL;SIVB;TROW;WM;XOM;XRAY"
2024-07-11,"CDNS,MSFT;DTE,ED;FAST,TROW;ADM;CERN;ETN;FI;FICO;FISV;HON;KO;MGM;ORCL;SIVB;WM;XOM;XRAY"
2024-07-12,"CDNS,MSFT;DTE,ED;FAST,TROW;ADM;CERN;ETN;FI;FICO;FISV;HON;KO;MGM;ORCL;SIVB;WM;XOM;XRAY"
2024-07-15,"CDNS,MSFT;DTE,ED;ADM;CERN;ETN;FAST;FI;FICO;FISV;HON;KO;MGM;ORCL;SIVB;TROW;WM;XOM;XRAY"
2024-07-16,"CDNS,MSFT;DTE,ED;FAST,TROW;ADM;CERN;ETN;FI;FICO;FISV;HON;KO;MGM;ORCL;SIVB;WM;XOM;XRAY"
2024-07-17,"DTE,ED,KO,XRAY;CDNS,MSFT;ADM;CERN;ETN;FAST;FI;FICO;FISV;HON;MGM;ORCL;SIVB;TROW;WM;XOM"
2024-07-18,"DTE,ED,KO,XRAY;CDNS,MSFT;ADM;CERN;ETN;FAST;FI;FICO;FISV;HON;MGM;ORCL;SIVB;TROW;WM;XOM"
2024-07-19,"DTE,ED,KO,XRAY;CDNS,MSFT;ADM;CERN;ETN;FAST;FI;FICO;FISV;HON;MGM;ORCL;SIVB;TROW;WM;XOM"
2024-07-22,"DTE,ED,XRAY;CDNS,MSFT;FAST,TROW;ADM;CERN;ETN;FI;FICO;FISV;HON;KO;MGM;ORCL;SIVB;WM;XOM"
2024-07-23,"DTE,ED,XRAY;CDNS,MSFT;ADM;CERN;ETN;FAST;FI;FICO;FISV;HON;KO;MGM;ORCL;SIVB;TROW;WM;XOM"
2024-07-24,"DTE,ED,KO,XRAY;CDNS,ETN,MSFT;FAST,TROW;ADM;CERN;FI;FICO;FISV;HON;MGM;ORCL;SIVB;WM;XOM"
2024-07-25,"DTE,ED,KO,XRAY;CDNS,ETN,MSFT;FAST,TROW;HON,WM;ADM;CERN;FI;FICO;FISV;MGM;ORCL;SIVB;XOM"
2024-07-26,"CDNS,ETN,MSFT;DTE,ED,XRAY;HON,WM;ADM;CERN;FAST;FI;FICO;FISV;KO;MGM;ORCL;SIVB;TROW;XOM"
2024-07-29,"CDNS,ETN,MSFT;DTE,ED,XRAY;HON,WM;ADM;CERN;FAST;FI;FICO;FISV;KO;MGM;ORCL;SIVB;TROW;XOM"
2024-07-30,"DTE,ED,KO,XRAY;CDNS,ETN,MSFT;HON,WM;ADM;CERN;FAST;FI;FICO;FISV;MGM;ORCL;SIVB;TROW;XOM"
2024-07-31,"DTE,ED,KO,XRAY;CDNS,ETN;HON,WM;ADM;CERN;FAST;FI;FICO;FISV;MGM;MSFT;ORCL;SIVB;TROW;XOM"
2024-08-01,"DTE,ED,KO;CDNS,ETN;HON,WM;ADM;CERN;FAST;FI;FICO;FISV;MGM;MSFT;ORCL;SIVB;TROW;XOM;XRAY"
2024-08-02,"CDNS,ETN,MSFT;DTE,ED,KO;HON,WM;ADM;CERN;FAST;FI;FICO;FISV;MGM;ORCL;SIVB;TROW;XOM;XRAY"
2024-08-05,"DTE,ED,KO;CDNS,ETN;HON,WM;ADM;CERN;FAST;FI;FICO;FISV;MGM;MSFT;ORCL;SIVB;TROW;XOM;XRAY"
2024-08-06,"CDNS,ETN,MSFT,TROW;DTE,ED,KO;HON,WM;ADM;CERN;FAST;FI;FICO;FISV;MGM;ORCL;SIVB;XOM;XRAY"
2024-08-07,"CDNS,ETN,TROW;DTE,ED,KO;HON,WM;ADM;CERN;FAST;FI;FICO;FISV;MGM;MSFT;ORCL;SIVB;XOM;XRAY"
2024-08-08,"CDNS,ETN,TROW;DTE,ED,KO;HON,WM;ADM;CERN;FAST;FI;FICO;FISV;MGM;MSFT;ORCL;SIVB;XOM;XRAY"
2024-08-09,"CDNS,ETN,TROW;DTE,ED,KO;HON,WM;ADM;CERN;FAST;FI;FICO;FISV;MGM;MSFT;ORCL;SIVB;XOM;XRAY"
2024-08-12,"CDNS,ETN,MSFT,TROW;DTE,ED,KO;HON,WM;ADM;CERN;FAST;FI;FICO;FISV;MGM;ORCL;SIVB;XOM;XRAY"
2024-08-13,"CDNS,ETN,MSFT,ORCL,TROW;DTE,ED;HON,WM;ADM;CERN;FAST;FI;FICO;FISV;KO;MGM;SIVB;XOM;XRAY"
2024-08-14,"CDNS,ETN,MSFT,ORCL,TROW;DTE,ED;HON,WM;ADM;CERN;FAST;FI;FICO;FISV;KO;MGM;SIVB;XOM;XRAY"
2024-08-15,"CDNS,ETN,MSFT,ORCL,TROW;DTE,ED;HON,WM;ADM;CERN;FAST;FI;FICO;FISV;KO;MGM;SIVB;XOM;XRAY"
2024-08-16,"CDNS,ETN,MSFT,ORCL,TROW;DTE,ED;HON,WM;ADM;CERN;FAST;FI;FICO;FISV;KO;MGM;SIVB;XOM;XRAY"
2024-08-19,"CDNS,ETN,MSFT,ORCL,TROW;DTE,ED;HON,WM;ADM;CERN;FAST;FI;FICO;FISV;KO;MGM;SIVB;XOM;XRAY"
2024-08-20,"CDNS,ETN,ORCL,TROW;DTE,ED;HON,WM;ADM;CERN;FAST;FI;FICO;FISV;KO;MGM;MSFT;SIVB;XOM;XRAY"
2024-08-21,"CDNS,ETN,ORCL,TROW;DTE,ED,KO;HON,WM;ADM;CERN;FAST;FI;FICO;FISV;MGM;MSFT;SIVB;XOM;XRAY"
2024-08-22,"CDNS,ETN,MSFT,ORCL,TROW;DTE,ED;HON,WM;ADM;CERN;FAST;FI;FICO;FISV;KO;MGM;SIVB;XOM;XRAY"
2024-08-23,"CDNS,ETN,MSFT,ORCL,TROW;DTE,ED;HON,WM;ADM;CERN;FAST;FI;FICO;FISV;KO;MGM;SIVB;XOM;XRAY"
2024-08-26,"CDNS,ETN,MSFT,ORCL,TROW;DTE,ED;HON,WM;ADM;CERN;FAST;FI;FICO;FISV;KO;MGM;SIVB;XOM;XRAY"
2024-08-27,"CDNS,ETN,MSFT,ORCL,TROW;DTE,ED;HON,WM;ADM;CERN;FAST;FI;FICO;FISV;KO;MGM;SIVB;XOM;XRAY"
2024-08-28,"CDNS,ETN,MSFT,ORCL,TROW;DTE,ED;HON,WM;ADM;CERN;FAST;FI;FICO;FISV;KO;MGM;SIVB;XOM;XRAY"
2024-08-29,"CDNS,ETN,MSFT,ORCL;DTE,ED;HON,WM;ADM;CERN;FAST;FI;FICO;FISV;KO;MGM;SIVB;TROW;XOM;XRAY"
2024-08-30,"CDNS,ETN,MSFT,ORCL,TROW;DTE,ED;HON,WM;ADM;CERN;FAST;FI;FICO;FISV;KO;MGM;SIVB;XOM;XRAY"
2024-09-03,"CDNS,ETN,MSFT,ORCL,TROW;DTE,ED;HON,WM;ADM;CERN;FAST;FI;FICO;FISV;KO;MGM;SIVB;XOM;XRAY"
2024-09-04,"CDNS,ETN,MSFT,ORCL,TROW;DTE,ED;HON,WM;ADM;CERN;FAST;FI;FICO;FISV;KO;MGM;SIVB;XOM;XRAY"
2024-09-05,"CDNS,ETN,MSFT,ORCL,TROW;DTE,ED;HON,WM;ADM;CERN;FAST;FI;FICO;FISV;KO;MGM;SIVB;XOM;XRAY"
2024-09-06,"CDNS,ETN,MSFT,ORCL,TROW;DTE,ED;HON,WM;ADM;CERN;FAST;FI;FICO;FISV;KO;MGM;SIVB;XOM;XRAY"
2024-09-09,"CDNS,ETN,MSFT,ORCL,TROW;DTE,ED;HON,WM;ADM;CERN;FAST;FI;FICO;FISV;KO;MGM;SIVB;XOM;XRAY"
2024-09-10,"CDNS,ETN,MSFT,ORCL,TROW;DTE,ED;HON,WM;ADM;CERN;FAST;FI;FICO;FISV;KO;MGM;SIVB;XOM;XRAY"
2024-09-11,"CDNS,ETN,MSFT,ORCL,TROW;DTE,ED;HON,WM;ADM;CERN;FAST;FI;FICO;FISV;KO;MGM;SIVB;XOM;XRAY"
2024-09-12,"CDNS,ETN,MSFT,ORCL,TROW;DTE,ED;HON,WM;ADM;CERN;FAST;FI;FICO;FISV;KO;MGM;SIVB;XOM;XRAY"
2024-09-13,"CDNS,ETN,MSFT,ORCL,TROW;DTE,ED;HON,WM;ADM;CERN;FAST;FI;FICO;FISV;KO;MGM;SIVB;XOM;XRAY"
2024-09-16,"CDNS,ETN,MSFT,ORCL,TROW;DTE,ED;HON,WM;ADM;CERN;FAST;FI;FICO;FISV;KO;MGM;SIVB;XOM;XRAY"
2024-09-17,"CDNS,ETN,MSFT,TROW;ADM,XRAY;DTE,ED;HON,WM;CERN;FAST;FI;FICO;FISV;KO;MGM;ORCL;SIVB;XOM"
2024-09-18,"CDNS,ETN,MSFT,TROW;ADM,XRAY;DTE,ED;HON,WM;CERN;FAST;FI;FICO;FISV;KO;MGM;ORCL;SIVB;XOM"
2024-09-19,"CDNS,ETN,MSFT,TROW;DTE,ED;HON,WM;ADM;CERN;FAST;FI;FICO;FISV;KO;MGM;ORCL;SIVB;XOM;XRAY"
2024-09-20,"CDNS,ETN,MSFT,ORCL,TROW;DTE,ED,KO;ADM,XRAY;HON,WM;CERN;FAST;FI;FICO;FISV;MGM;SIVB;XOM"
2024-09-23,"CDNS,ETN,MSFT,ORCL,TROW;ADM,XRAY;DTE,ED;HON,WM;CERN;FAST;FI;FICO;FISV;KO;MGM;SIVB;XOM"
2024-09-24,"CDNS,ETN,MSFT,ORCL,TROW;DTE,ED,KO;ADM,XRAY;HON,WM;CERN;FAST;FI;FICO;FISV;MGM;SIVB;XOM"
2024-09-25,"CDNS,ETN,MSFT,ORCL,TROW;DTE,ED;HON,WM;ADM;CERN;FAST;FI;FICO;FISV;KO;MGM;SIVB;XOM;XRAY"
2024-09-26,"CDNS,ETN,HON,MSFT,TROW,WM;DTE,ED;ADM;CERN;FAST;FI;FICO;FISV;KO;MGM;ORCL;SIVB;XOM;XRAY"
2024-09-27,"CDNS,ETN,MSFT,TROW;DTE,ED;HON,WM;ADM;CERN;FAST;FI;FICO;FISV;KO;MGM;ORCL;SIVB;XOM;XRAY"
2024-09-30,"CDNS,ETN,MSFT,TROW;DTE,ED;HON,WM;ADM;CERN;FAST;FI;FICO;FISV;KO;MGM;ORCL;SIVB;XOM;XRAY"
2024-10-01,"CDNS,ETN,MSFT,ORCL,TROW;DTE,ED;HON,WM;ADM;CERN;FAST;FI;FICO;FISV;KO;MGM;SIVB;XOM;XRAY"
2024-10-02,"CDNS,ETN,MSFT,ORCL,TROW;DTE,ED,KO;HON,WM;ADM;CERN;FAST;FI;FICO;FISV;MGM;SIVB;XOM;XRAY"
2024-10-03,"CDNS,ETN,MSFT,TROW;DTE,ED;HON,WM;ADM;CERN;FAST;FI;FICO;FISV;KO;MGM;ORCL;SIVB;XOM;XRAY"
2024-10-04,"CDNS,ETN,MSFT,TROW;DTE,ED;ADM;CERN;FAST;FI;FICO;FISV;HON;KO;MGM;ORCL;SIVB;WM;XOM;XRAY"
2024-10-07,"ADM,CDNS,ETN,FI,MSFT,TROW;DTE,ED,KO;CERN;FAST;FICO;FISV;HON;MGM;ORCL;SIVB;WM;XOM;XRAY"
2024-10-08,"ADM,CDNS,ETN,FI,MSFT,TROW;DTE,ED,KO;CERN;FAST;FICO;FISV;HON;MGM;ORCL;SIVB;WM;XOM;XRAY"
2024-10-09,"ADM,CDNS,ETN,FI,MSFT,TROW;DTE,ED,KO;CERN;FAST;FICO;FISV;HON;MGM;ORCL;SIVB;WM;XOM;XRAY"
2024-10-10,"ADM,CDNS,ETN,FI,MSFT,ORCL,TROW;DTE,ED,KO;CERN;FAST;FICO;FISV;HON;MGM;SIVB;WM;XOM;XRAY"
2024-10-11,"ADM,CDNS,ETN,FI,MGM,MSFT,ORCL,TROW;DTE,ED;CERN;FAST;FICO;FISV;HON;KO;SIVB;WM;XOM;XRAY"
2024-10-14,"CDNS,ETN,MSFT,TROW;DTE,ED,KO;HON,WM;ADM;CERN;FAST;FI;FICO;FISV;MGM;ORCL;SIVB;XOM;XRAY"
2024-10-15,"CDNS,ETN,MSFT,TROW;DTE,ED;ADM;CERN;FAST;FI;FICO;FISV;HON;KO;MGM;ORCL;SIVB;WM;XOM;XRAY"
2024-10-16,"CDNS,ETN,MSFT;DTE,ED;ADM;CERN;FAST;FI;FICO;FISV;HON;KO;MGM;ORCL;SIVB;TROW;WM;XOM;XRAY"
2024-10-17,"CDNS,ETN,MSFT;DTE,ED;ADM;CERN;FAST;FI;FICO;FISV;HON;KO;MGM;ORCL;SIVB;TROW;WM;XOM;XRAY"
2024-10-18,"CDNS,ETN,MSFT;DTE,ED;ADM;CERN;FAST;FI;FICO;FISV;HON;KO;MGM;ORCL;SIVB;TROW;WM;XOM;XRAY"
2024-10-21,"CDNS,ETN,MSFT;DTE,ED;ADM;CERN;FAST;FI;FICO;FISV;HON;KO;MGM;ORCL;SIVB;TROW;WM;XOM;XRAY"
2024-10-22,"CDNS,ETN,MSFT;DTE,ED,KO;ADM;CERN;FAST;FI;FICO;FISV;HON;MGM;ORCL;SIVB;TROW;WM;XOM;XRAY"
2024-10-23,"CDNS,ETN,MSFT;DTE,ED;ADM;CERN;FAST;FI;FICO;FISV;HON;KO;MGM;ORCL;SIVB;TROW;WM;XOM;XRAY"
2024-10-24,"CDNS,ETN,MSFT;DTE,ED;ADM;CERN;FAST;FI;FICO;FISV;HON;KO;MGM;ORCL;SIVB;TROW;WM;XOM;XRAY"
2024-10-25,"CDNS,ETN,MSFT;DTE,ED;ADM;CERN;FAST;FI;FICO;FISV;HON;KO;MGM;ORCL;SIVB;TROW;WM;XOM;XRAY"
2024-10-28,"CDNS,ETN,MSFT;DTE,ED;ADM;CERN;FAST;FI;FICO;FISV;HON;KO;MGM;ORCL;SIVB;TROW;WM;XOM;XRAY"
2024-10-29,"CDNS,WM;DTE,ED;ADM;CERN;ETN;FAST;FI;FICO;FISV;HON;KO;MGM;MSFT;ORCL;SIVB;TROW;XOM;XRAY"
2024-10-30,"CDNS,MSFT;DTE,ED;ADM;CERN;ETN;FAST;FI;FICO;FISV;HON;KO;MGM;ORCL;SIVB;TROW;WM;XOM;XRAY"
2024-10-31,"CDNS,MSFT;DTE,ED;ADM;CERN;ETN;FAST;FI;FICO;FISV;HON;KO;MGM;ORCL;SIVB;TROW;WM;XOM;XRAY"
2024-11-01,"CDNS,MSFT;DTE,ED;ADM;CERN;ETN;FAST;FI;FICO;FISV;HON;KO;MGM;ORCL;SIVB;TROW;WM;XOM;XRAY"
2024-11-04,"DTE,ED;ADM;CDNS;CERN;ETN;FAST;FI;FICO;FISV;HON;KO;MGM;MSFT;ORCL;SIVB;TROW;WM;XOM;XRAY"
2024-11-05,"DTE,ED;ADM;CDNS;CERN;ETN;FAST;FI;FICO;FISV;HON;KO;MGM;MSFT;ORCL;SIVB;TROW;WM;XOM;XRAY"
2024-11-06,"DTE,ED;ADM;CDNS;CERN;ETN;FAST;FI;FICO;FISV;HON;KO;MGM;MSFT;ORCL;SIVB;TROW;WM;XOM;XRAY"
2024-11-07,"DTE,ED;ADM;CDNS;CERN;ETN;FAST;FI;FICO;FISV;HON;KO;MGM;MSFT;ORCL;SIVB;TROW;WM;XOM;XRAY"
2024-11-08,"DTE,ED;ADM;CDNS;CERN;ETN;FAST;FI;FICO;FISV;HON;KO;MGM;MSFT;ORCL;SIVB;TROW;WM;XOM;XRAY"
2024-11-11,"DTE,ED;ADM;CDNS;CERN;ETN;FAST;FI;FICO;FISV;HON;KO;MGM;MSFT;ORCL;SIVB;TROW;WM;XOM;XRAY"
2024-11-12,"DTE,ED;ADM;CDNS;CERN;ETN;FAST;FI;FICO;FISV;HON;KO;MGM;MSFT;ORCL;SIVB;TROW;WM;XOM;XRAY"
2024-11-13,"DTE,ED;ADM;CDNS;CERN;ETN;FAST;FI;FICO;FISV;HON;KO;MGM;MSFT;ORCL;SIVB;TROW;WM;XOM;XRAY"
2024-11-14,"DTE,ED;ADM;CDNS;CERN;ETN;FAST;FI;FICO;FISV;HON;KO;MGM;MSFT;ORCL;SIVB;TROW;WM;XOM;XRAY"
2024-11-15,"DTE,ED;ADM;CDNS;CERN;ETN;FAST;FI;FICO;FISV;HON;KO;MGM;MSFT;ORCL;SIVB;TROW;WM;XOM;XRAY"
2024-11-18,"DTE,ED;ADM;CDNS;CERN;ETN;FAST;FI;FICO;FISV;HON;KO;MGM;MSFT;ORCL;SIVB;TROW;WM;XOM;XRAY"
2024-11-19,"ETN,MSFT,ORCL;DTE,ED;ADM;CDNS;CERN;FAST;FI;FICO;FISV;HON;KO;MGM;SIVB;TROW;WM;XOM;XRAY"
2024-11-20,"ETN,MSFT,ORCL;DTE,ED;ADM;CDNS;CERN;FAST;FI;FICO;FISV;HON;KO;MGM;SIVB;TROW;WM;XOM;XRAY"
2024-11-21,"DTE,ED;MSFT,ORCL;ADM;CDNS;CERN;ETN;FAST;FI;FICO;FISV;HON;KO;MGM;SIVB;TROW;WM;XOM;XRAY"
2024-11-22,"DTE,ED;ADM;CDNS;CERN;ETN;FAST;FI;FICO;FISV;HON;KO;MGM;MSFT;ORCL;SIVB;TROW;WM;XOM;XRAY"
2024-11-25,"ETN,MSFT,ORCL;DTE,ED;ADM;CDNS;CERN;FAST;FI;FICO;FISV;HON;KO;MGM;SIVB;TROW;WM;XOM;XRAY"
2024-11-26,"ETN,MSFT,ORCL;DTE,ED;ADM;CDNS;CERN;FAST;FI;FICO;FISV;HON;KO;MGM;SIVB;TROW;WM;XOM;XRAY"
2024-11-27,"ETN,MSFT,ORCL;DTE,ED;ADM;CDNS;CERN;FAST;FI;FICO;FISV;HON;KO;MGM;SIVB;TROW;WM;XOM;XRAY"
2024-11-29,"ETN,MSFT,ORCL;DTE,ED;ADM;CDNS;CERN;FAST;FI;FICO;FISV;HON;KO;MGM;SIVB;TROW;WM;XOM;XRAY"
2024-12-02,"DTE,ED;ETN,ORCL;ADM;CDNS;CERN;FAST;FI;FICO;FISV;HON;KO;MGM;MSFT;SIVB;TROW;WM;XOM;XRAY"
2024-12-03,"DTE,ED;ETN,ORCL;ADM;CDNS;CERN;FAST;FI;FICO;FISV;HON;KO;MGM;MSFT;SIVB;TROW;WM;XOM;XRAY"
2024-12-04,"DTE,ED;ETN,ORCL;ADM;CDNS;CERN;FAST;FI;FICO;FISV;HON;KO;MGM;MSFT;SIVB;TROW;WM;XOM;XRAY"
2024-12-05,"DTE,ED;ETN,ORCL;ADM;CDNS;CERN;FAST;FI;FICO;FISV;HON;KO;MGM;MSFT;SIVB;TROW;WM;XOM;XRAY"
2024-12-06,"DTE,ED;ETN,ORCL;ADM;CDNS;CERN;FAST;FI;FICO;FISV;HON;KO;MGM;MSFT;SIVB;TROW;WM;XOM;XRAY"
2024-12-09,"DTE,ED;ETN,ORCL;ADM;CDNS;CERN;FAST;FI;FICO;FISV;HON;KO;MGM;MSFT;SIVB;TROW;WM;XOM;XRAY"
2024-12-10,"DTE,ED;ETN,ORCL;ADM;CDNS;CERN;FAST;FI;FICO;FISV;HON;KO;MGM;MSFT;SIVB;TROW;WM;XOM;XRAY"
2024-12-11,"DTE,ED;ETN,ORCL;ADM;CDNS;CERN;FAST;FI;FICO;FISV;HON;KO;MGM;MSFT;SIVB;TROW;WM;XOM;XRAY"
2024-12-12,"DTE,ED;ETN,ORCL;ADM;CDNS;CERN;FAST;FI;FICO;FISV;HON;KO;MGM;MSFT;SIVB;TROW;WM;XOM;XRAY"
2024-12-13,"DTE,ED;ETN,ORCL;ADM;CDNS;CERN;FAST;FI;FICO;FISV;HON;KO;MGM;MSFT;SIVB;TROW;WM;XOM;XRAY"
2024-12-16,"DTE,ED;ETN,ORCL;ADM;CDNS;CERN;FAST;FI;FICO;FISV;HON;KO;MGM;MSFT;SIVB;TROW;WM;XOM;XRAY"
2024-12-17,"DTE,ED;ETN,ORCL;ADM;CDNS;CERN;FAST;FI;FICO;FISV;HON;KO;MGM;MSFT;SIVB;TROW;WM;XOM;XRAY"
2024-12-18,"ETN,FICO,ORCL;DTE,ED;MGM,MSFT;ADM;CDNS;CERN;FAST;FI;FISV;HON;KO;SIVB;TROW;WM;XOM;XRAY"
2024-12-19,"DTE,ED;ETN,ORCL;MGM,MSFT;ADM;CDNS;CERN;FAST;FI;FICO;FISV;HON;KO;SIVB;TROW;WM;XOM;XRAY"
2024-12-20,"DTE,ED;ETN,ORCL;ADM;CDNS;CERN;FAST;FI;FICO;FISV;HON;KO;MGM;MSFT;SIVB;TROW;WM;XOM;XRAY"
2024-12-23,"ETN,FAST,ORCL,TROW;DTE,ED;ADM;CDNS;CERN;FI;FICO;FISV;HON;KO;MGM;MSFT;SIVB;WM;XOM;XRAY"
2024-12-24,"ETN,FAST,ORCL,TROW;DTE,ED;ADM;CDNS;CERN;FI;FICO;FISV;HON;KO;MGM;MSFT;SIVB;WM;XOM;XRAY"
2024-12-26,"ETN,FAST,ORCL,TROW;DTE,ED;ADM;CDNS;CERN;FI;FICO;FISV;HON;KO;MGM;MSFT;SIVB;WM;XOM;XRAY"
2024-12-27,"ETN,FAST,FICO,ORCL,TROW;DTE,ED;ADM;CDNS;CERN;FI;FISV;HON;KO;MGM;MSFT;SIVB;WM;XOM;XRAY"
2024-12-30,"ETN,FAST,FI,FICO,ORCL,TROW;DTE,ED;ADM;CDNS;CERN;FISV;HON;KO;MGM;MSFT;SIVB;WM;XOM;XRAY"
2024-12-31,"ETN,FAST,FI,FICO,ORCL,TROW;DTE,ED;ADM;CDNS;CERN;FISV;HON;KO;MGM;MSFT;SIVB;WM;XOM;XRAY"
